{
  "scripts\\make_training_notebooks.py": 1776908289.2869313,
  "src\\f1_predictor\\__init__.py": 1776444907.521723,
  "src\\f1_predictor\\api\\__init__.py": 1776444918.08544,
  "src\\f1_predictor\\data\\collect.py": 1776700587.5990307,
  "src\\f1_predictor\\data\\collect_laps.py": 1776700587.601853,
  "src\\f1_predictor\\data\\jolpica.py": 1776700587.6053052,
  "src\\f1_predictor\\data\\storage.py": 1776908289.300209,
  "src\\f1_predictor\\data\\__init__.py": 1776444915.3210528,
  "src\\f1_predictor\\explain\\__init__.py": 1776444917.1741064,
  "src\\f1_predictor\\features\\common.py": 1776710476.0497327,
  "src\\f1_predictor\\features\\lap_features.py": 1776711066.058015,
  "src\\f1_predictor\\features\\race_features.py": 1776711066.058015,
  "src\\f1_predictor\\features\\splits.py": 1776703423.1763,
  "src\\f1_predictor\\features\\__init__.py": 1776704285.3127296,
  "src\\f1_predictor\\models\\__init__.py": 1776444916.7811277,
  "tests\\test_collect.py": 1776460932.2103243,
  "tests\\test_collect_laps.py": 1776700587.6113138,
  "tests\\test_jolpica.py": 1776700587.6133144,
  "tests\\test_smoke.py": 1776445076.1435294,
  "tests\\test_storage.py": 1776460932.2134755,
  "tests\\__init__.py": 1776444918.6049652,
  "tests\\test_features\\test_common.py": 1776709692.1172519,
  "tests\\test_features\\test_lap_features.py": 1776711066.058015,
  "tests\\test_features\\test_race_features.py": 1776710973.6769934,
  "tests\\test_features\\test_splits.py": 1776709692.1188936,
  "tests\\test_features\\__init__.py": 1776703352.4280202,
  "README.md": 1776444948.592617,
  "docs\\data_dictionary.md": 1776700587.5629067
}